<?xml version="1.0" encoding="US-ASCII"?>
<l:l10n xmlns:l="http://docbook.sourceforge.net/xmlns/l10n/1.0" language="et" english-language-name="Estonian">

<!-- This file is generated automatically. -->
<!-- Do not edit this file by hand! -->
<!-- See http://docbook.sourceforge.net/ -->
<!-- To update this file: edit the corresponding document at -->
<!-- http://cvs.sourceforge.net/cgi-bin/viewcvs.cgi/docbook/gentext/locale/ -->

   <l:gentext key="Abstract" text="&#220;levaade"/>
   <l:gentext key="abstract" text="&#220;levaade"/>
   <l:gentext key="Answer" text="V:"/>
   <l:gentext key="answer" text="V:"/>
   <l:gentext key="Appendix" text="Lisa"/>
   <l:gentext key="appendix" text="lisa"/>
   <l:gentext key="Article" text="Artikkel"/>
   <l:gentext key="article" text="Artikkel"/>
   <l:gentext key="Bibliography" text="Bibliograafia"/>
   <l:gentext key="bibliography" text="Bibliograafia"/>
   <l:gentext key="Book" text="Raamat"/>
   <l:gentext key="book" text="Raamat"/>
   <l:gentext key="CAUTION" text="ETTEVAATUST"/>
   <l:gentext key="Caution" text="Ettevaatust"/>
   <l:gentext key="caution" text="Ettevaatust"/>
   <l:gentext key="Chapter" text="Peat&#252;kk"/>
   <l:gentext key="chapter" text="peat&#252;kk"/>
   <l:gentext key="Colophon" text="L&#245;pum&#228;rgis"/>
   <l:gentext key="colophon" text="L&#245;pum&#228;rgis"/>
   <l:gentext key="Copyright" text="Autori&#245;igus"/>
   <l:gentext key="copyright" text="Autori&#245;igus"/>
   <l:gentext key="Dedication" text="P&#252;hendus"/>
   <l:gentext key="dedication" text="P&#252;hendus"/>
   <l:gentext key="Edition" text="V&#228;ljaanne"/>
   <l:gentext key="edition" text="V&#228;ljaanne"/>
   <l:gentext key="Equation" text="Valem"/>
   <l:gentext key="equation" text="Valem"/>
   <l:gentext key="Example" text="N&#228;ide"/>
   <l:gentext key="example" text="N&#228;ide"/>
   <l:gentext key="Figure" text="Joonis"/>
   <l:gentext key="figure" text="Joonis"/>
   <l:gentext key="Glossary" text="S&#245;nastik"/>
   <l:gentext key="glossary" text="S&#245;nastik"/>
   <l:gentext key="GlossSee" text="Vt."/>
   <l:gentext key="glosssee" text="Vt."/>
   <l:gentext key="GlossSeeAlso" text="Vt. ka"/>
   <l:gentext key="glossseealso" text="Vt. ka"/>
   <l:gentext key="IMPORTANT" text="OLULINE"/>
   <l:gentext key="Important" text="Oluline"/>
   <l:gentext key="important" text="Oluline"/>
   <l:gentext key="Index" text="Aineregister"/>
   <l:gentext key="index" text="Aineregister"/>
   <l:gentext key="ISBN" text="ISBN"/>
   <l:gentext key="isbn" text="ISBN"/>
   <l:gentext key="LegalNotice" text="Autori&#245;iguse m&#228;rge"/>
   <l:gentext key="legalnotice" text="Autori&#245;iguse m&#228;rge"/>
   <l:gentext key="MsgAud" text="Auditoorium"/>
   <l:gentext key="msgaud" text="Auditoorium"/>
   <l:gentext key="MsgLevel" text="Tase"/>
   <l:gentext key="msglevel" text="Tase"/>
   <l:gentext key="MsgOrig" text="Algallikas"/>
   <l:gentext key="msgorig" text="Algallikas"/>
   <l:gentext key="NOTE" text="M&#196;RKUS"/>
   <l:gentext key="Note" text="M&#228;rkus"/>
   <l:gentext key="note" text="M&#228;rkus"/>
   <l:gentext key="Part" text="Osa"/>
   <l:gentext key="part" text="Osa"/>
   <l:gentext key="Preface" text="Eess&#245;na"/>
   <l:gentext key="preface" text="Eess&#245;na"/>
   <l:gentext key="Procedure" text="Protseduur"/>
   <l:gentext key="procedure" text="Protseduur"/>
   <l:gentext key="ProductionSet" text="Production"/>
   <l:gentext key="Published" text="Avaldatud"/>
   <l:gentext key="published" text="Avaldatud"/>
   <l:gentext key="Question" text="K:"/>
   <l:gentext key="question" text="K:"/>
   <l:gentext key="RefEntry" text=""/>
   <l:gentext key="refentry" text=""/>
   <l:gentext key="Reference" text="Viide"/>
   <l:gentext key="reference" text="Viide"/>
   <l:gentext key="RefName" text="Nimi"/>
   <l:gentext key="refname" text="Nimi"/>
   <l:gentext key="RefSection" text="L&#245;ik"/>
   <l:gentext key="refsection" text="L&#245;ik"/>
   <l:gentext key="RefSynopsisDiv" text="S&#252;nopsis"/>
   <l:gentext key="refsynopsisdiv" text="S&#252;nopsis"/>
   <l:gentext key="RevHistory" text="Vigade paranduste ajalugu"/>
   <l:gentext key="revhistory" text="Vigade paranduste ajalugu"/>
   <l:gentext key="Revision" text="Vigade parandus"/>
   <l:gentext key="revision" text="Vigade parandus"/>
   <l:gentext key="sect1" text="Section"/>
   <l:gentext key="sect2" text="Section"/>
   <l:gentext key="sect3" text="Section"/>
   <l:gentext key="sect4" text="Section"/>
   <l:gentext key="sect5" text="Section"/>
   <l:gentext key="section" text="l&#245;ik"/>
   <l:gentext key="Section" text="Sektsioon"/>
   <l:gentext key="See" text="Vt."/>
   <l:gentext key="see" text="Vt."/>
   <l:gentext key="SeeAlso" text="Vt. ka"/>
   <l:gentext key="Seealso" text="Vt. ka"/>
   <l:gentext key="seealso" text="Vt. ka"/>
   <l:gentext key="Set" text="Sea"/>
   <l:gentext key="set" text="Sea"/>
   <l:gentext key="SetIndex" text="Sea indeks"/>
   <l:gentext key="setindex" text="Sea indeks"/>
   <l:gentext key="Sidebar" text=""/>
   <l:gentext key="sidebar" text="k&#252;lgriba"/>
   <l:gentext key="Step" text="Samm"/>
   <l:gentext key="step" text="samm"/>
   <l:gentext key="Table" text="Tabel"/>
   <l:gentext key="table" text="Tabel"/>
   <l:gentext key="TIP" text="VIHJE"/>
   <l:gentext key="Tip" text="Vihje"/>
   <l:gentext key="tip" text="Vihje"/>
   <l:gentext key="WARNING" text="HOIATUS"/>
   <l:gentext key="Warning" text="Hoiatus"/>
   <l:gentext key="warning" text="Hoiatus"/>
   <l:gentext key="and" text="ja"/>
   <l:gentext key="by" text=""/>
   <l:gentext key="Edited" text="Redaktsioon"/>
   <l:gentext key="edited" text="Redaktsioon"/>
   <l:gentext key="Editedby" text="Redaktsiooni autor(id)"/>
   <l:gentext key="editedby" text="Redaktsiooni autor(id)"/>
   <l:gentext key="in" text=""/>
   <l:gentext key="lastlistcomma" text=","/>
   <l:gentext key="listcomma" text=","/>
   <l:gentext key="nonexistantelement" text="mitte eksisteeriv element"/>
   <l:gentext key="Notes" text="M&#228;rkused"/>
   <l:gentext key="notes" text="M&#228;rkused"/>
   <l:gentext key="Pgs" text="Lk."/>
   <l:gentext key="pgs" text="Lk."/>
   <l:gentext key="Revisedby" text="&#220;le vaadanud: "/>
   <l:gentext key="revisedby" text="&#220;le vaadanud: "/>
   <l:gentext key="TableNotes" text="M&#228;rkused"/>
   <l:gentext key="tablenotes" text="M&#228;rkused"/>
   <l:gentext key="TableofContents" text="Sisukord"/>
   <l:gentext key="tableofcontents" text="Sisukord"/>
   <l:gentext key="unexpectedelementname" text="Ootamatu elemendi nimi"/>
   <l:gentext key="unsupported" text="toetuseta"/>
   <l:gentext key="xrefto" text="viide"/>
   <l:gentext key="listofequations" text="Valemite nimekiri"/>
   <l:gentext key="ListofEquations" text="Valemite nimekiri"/>
   <l:gentext key="ListofExamples" text="N&#228;idete nimekiri"/>
   <l:gentext key="listofexamples" text="N&#228;idete nimekiri"/>
   <l:gentext key="ListofFigures" text="Jooniste nimekiri"/>
   <l:gentext key="listoffigures" text="Jooniste nimekiri"/>
   <l:gentext key="listoftables" text="Tabelite nimekiri"/>
   <l:gentext key="ListofTables" text="Tabelite nimekiri"/>
   <l:gentext key="ListofUnknown" text="Tundmatute nimekiri"/>
   <l:gentext key="listofunknown" text="Tundmatute nimekiri"/>
   <l:gentext key="nav-home" text="Koju"/>
   <l:gentext key="nav-next" text="J&#228;rgmine"/>
   <l:gentext key="nav-next-sibling" text="Kiiresti edasi"/>
   <l:gentext key="nav-prev" text="Eelmine"/>
   <l:gentext key="nav-prev-sibling" text="Kiiresti tagasi"/>
   <l:gentext key="nav-up" text="&#220;les"/>
   <l:gentext key="sectioncalled" text="the section called"/>
   <l:gentext key="Draft" text="Draft"/>
   <l:gentext key="above" text="above"/>
   <l:gentext key="below" text="below"/>
   <l:gentext key="index symbols" text="Symbols"/>
   <l:gentext key="lowercase.alpha" text="abcdefghijklmnopqrstuvwxyz"/>
   <l:gentext key="uppercase.alpha" text="ABCDEFGHIJKLMNOPQRSTUVWXYZ"/>
   <l:dingbat key="startquote" text="&#8220;"/>
   <l:dingbat key="endquote" text="&#8221;"/>
   <l:dingbat key="nestedstartquote" text="&#8216;"/>
   <l:dingbat key="nestedendquote" text="&#8217;"/>
   <l:dingbat key="bullet" text="&#8226;"/>

   <l:context name="styles">
      <l:template name="person-name" text="first-last"/>
   </l:context>

   <l:context name="title">
      <l:template name="abstract" text="%t"/>
      <l:template name="answer" text="%t"/>
      <l:template name="appendix" text="Lisa %n. %t"/>
      <l:template name="article" text="%t"/>
      <l:template name="authorblurb" text="%t"/>
      <l:template name="bibliodiv" text="%t"/>
      <l:template name="biblioentry" text="%t"/>
      <l:template name="bibliography" text="%t"/>
      <l:template name="bibliomixed" text="%t"/>
      <l:template name="bibliomset" text="%t"/>
      <l:template name="biblioset" text="%t"/>
      <l:template name="blockquote" text="%t"/>
      <l:template name="book" text="%t"/>
      <l:template name="calloutlist" text="%t"/>
      <l:template name="caution" text="%t"/>
      <l:template name="chapter" text="Peat&#252;kk %n. %t"/>
      <l:template name="colophon" text="%t"/>
      <l:template name="dedication" text="%t"/>
      <l:template name="equation" text="Valem %n. %t"/>
      <l:template name="example" text="N&#228;ide %n. %t"/>
      <l:template name="figure" text="Joonis %n. %t"/>
      <l:template name="formalpara" text="%t"/>
      <l:template name="glossary" text="%t"/>
      <l:template name="glossdiv" text="%t"/>
      <l:template name="important" text="%t"/>
      <l:template name="index" text="%t"/>
      <l:template name="indexdiv" text="%t"/>
      <l:template name="itemizedlist" text="%t"/>
      <l:template name="legalnotice" text="%t"/>
      <l:template name="listitem" text=""/>
      <l:template name="lot" text="%t"/>
      <l:template name="msg" text="%t"/>
      <l:template name="msgexplan" text="%t"/>
      <l:template name="msgmain" text="%t"/>
      <l:template name="msgrel" text="%t"/>
      <l:template name="msgset" text="%t"/>
      <l:template name="msgsub" text="%t"/>
      <l:template name="note" text="%t"/>
      <l:template name="orderedlist" text="%t"/>
      <l:template name="part" text="Osa %n. %t"/>
      <l:template name="partintro" text="%t"/>
      <l:template name="preface" text="%t"/>
      <l:template name="procedure" text="%t"/>
      <l:template name="procedure.formal" text="Protseduur&#160;%n.&#160;%t"/>
      <l:template name="productionset" text="%t"/>
      <l:template name="productionset.formal" text="Production&#160;%n"/>
      <l:template name="qandadiv" text="%t"/>
      <l:template name="qandaentry" text="%t"/>
      <l:template name="qandaset" text="%t"/>
      <l:template name="question" text="%t"/>
      <l:template name="refentry" text="%t"/>
      <l:template name="reference" text="%t"/>
      <l:template name="refsection" text="%t"/>
      <l:template name="refsect1" text="%t"/>
      <l:template name="refsect2" text="%t"/>
      <l:template name="refsect3" text="%t"/>
      <l:template name="refsynopsisdiv" text="%t"/>
      <l:template name="refsynopsisdivinfo" text="%t"/>
      <l:template name="segmentedlist" text="%t"/>
      <l:template name="set" text="%t"/>
      <l:template name="setindex" text="%t"/>
      <l:template name="sidebar" text="%t"/>
      <l:template name="step" text="%t"/>
      <l:template name="table" text="Tabel %n. %t"/>
      <l:template name="tip" text="%t"/>
      <l:template name="toc" text="%t"/>
      <l:template name="variablelist" text="%t"/>
      <l:template name="warning" text="%t"/>
   </l:context>

   <l:context name="title-unnumbered">
      <l:template name="appendix" text="%t"/>
      <l:template name="bridgehead" text="%t"/>
      <l:template name="chapter" text="%t"/>
      <l:template name="sect1" text="%t"/>
      <l:template name="sect2" text="%t"/>
      <l:template name="sect3" text="%t"/>
      <l:template name="sect4" text="%t"/>
      <l:template name="sect5" text="%t"/>
      <l:template name="section" text="%t"/>
      <l:template name="simplesect" text="%t"/>
   </l:context>

   <l:context name="title-numbered">
      <l:template name="appendix" text="Lisa %n. %t"/>
      <l:template name="bridgehead" text="%n. %t"/>
      <l:template name="chapter" text="Peat&#252;kk %n. %t"/>
      <l:template name="sect1" text="%n. %t"/>
      <l:template name="sect2" text="%n. %t"/>
      <l:template name="sect3" text="%n. %t"/>
      <l:template name="sect4" text="%n. %t"/>
      <l:template name="sect5" text="%n. %t"/>
      <l:template name="section" text="%n. %t"/>
      <l:template name="simplesect" text="%n. %t"/>
   </l:context>

   <l:context name="subtitle">
      <l:template name="appendix" text="%s"/>
      <l:template name="article" text="%s"/>
      <l:template name="bibliodiv" text="%s"/>
      <l:template name="biblioentry" text="%s"/>
      <l:template name="bibliography" text="%s"/>
      <l:template name="bibliomixed" text="%s"/>
      <l:template name="bibliomset" text="%s"/>
      <l:template name="biblioset" text="%s"/>
      <l:template name="book" text="%s"/>
      <l:template name="chapter" text="%s"/>
      <l:template name="colophon" text="%s"/>
      <l:template name="dedication" text="%s"/>
      <l:template name="glossary" text="%s"/>
      <l:template name="glossdiv" text="%s"/>
      <l:template name="index" text="%s"/>
      <l:template name="indexdiv" text="%s"/>
      <l:template name="lot" text="%s"/>
      <l:template name="part" text="%s"/>
      <l:template name="partintro" text="%s"/>
      <l:template name="preface" text="%s"/>
      <l:template name="refentry" text="%s"/>
      <l:template name="reference" text="%s"/>
      <l:template name="refsection" text="%s"/>
      <l:template name="refsect1" text="%s"/>
      <l:template name="refsect2" text="%s"/>
      <l:template name="refsect3" text="%s"/>
      <l:template name="refsynopsisdiv" text="%s"/>
      <l:template name="sect1" text="%s"/>
      <l:template name="sect2" text="%s"/>
      <l:template name="sect3" text="%s"/>
      <l:template name="sect4" text="%s"/>
      <l:template name="sect5" text="%s"/>
      <l:template name="section" text="%s"/>
      <l:template name="set" text="%s"/>
      <l:template name="setindex" text="%s"/>
      <l:template name="sidebar" text="%s"/>
      <l:template name="simplesect" text="%s"/>
      <l:template name="toc" text="%s"/>
   </l:context>

   <l:context name="xref">
      <l:template name="abstract" text="%t"/>
      <l:template name="answer" text="V:&#160;%n"/>
      <l:template name="appendix" text="Lisa %n. %t"/>
      <l:template name="article" text="%t"/>
      <l:template name="authorblurb" text="%t"/>
      <l:template name="bibliodiv" text="%t"/>
      <l:template name="bibliography" text="%t"/>
      <l:template name="bibliomset" text="%t"/>
      <l:template name="biblioset" text="%t"/>
      <l:template name="blockquote" text="%t"/>
      <l:template name="book" text="%t"/>
      <l:template name="calloutlist" text="%t"/>
      <l:template name="caution" text="%t"/>
      <l:template name="chapter" text="Peat&#252;kk %n. %t"/>
      <l:template name="colophon" text="%t"/>
      <l:template name="constraintdef" text="%t"/>
      <l:template name="dedication" text="%t"/>
      <l:template name="equation" text="Valem&#160;%n"/>
      <l:template name="example" text="N&#228;ide %n. %t"/>
      <l:template name="figure" text="Joonis %n. %t"/>
      <l:template name="formalpara" text="%t"/>
      <l:template name="glossary" text="%t"/>
      <l:template name="glossdiv" text="%t"/>
      <l:template name="important" text="%t"/>
      <l:template name="index" text="%t"/>
      <l:template name="indexdiv" text="%t"/>
      <l:template name="itemizedlist" text="%t"/>
      <l:template name="legalnotice" text="%t"/>
      <l:template name="listitem" text="%n"/>
      <l:template name="lot" text="%t"/>
      <l:template name="msg" text="%t"/>
      <l:template name="msgexplan" text="%t"/>
      <l:template name="msgmain" text="%t"/>
      <l:template name="msgrel" text="%t"/>
      <l:template name="msgset" text="%t"/>
      <l:template name="msgsub" text="%t"/>
      <l:template name="note" text="%t"/>
      <l:template name="orderedlist" text="%t"/>
      <l:template name="page.citation" text=" [%p]"/>
      <l:template name="part" text="Osa %n. %t"/>
      <l:template name="partintro" text="%t"/>
      <l:template name="preface" text="%t"/>
      <l:template name="procedure" text="Protseduur&#160;%n"/>
      <l:template name="productionset" text="%t"/>
      <l:template name="qandadiv" text="%t"/>
      <l:template name="qandaentry" text="K:&#160;%n"/>
      <l:template name="qandaset" text="%t"/>
      <l:template name="question" text="K:&#160;%n"/>
      <l:template name="reference" text="%t"/>
      <l:template name="refsection" text="&#8220;%t&#8221;"/>
      <l:template name="refsect1" text="&#8220;%t&#8221;"/>
      <l:template name="refsect2" text="&#8220;%t&#8221;"/>
      <l:template name="refsect3" text="&#8220;%t&#8221;"/>
      <l:template name="refsynopsisdiv" text="%t"/>
      <l:template name="segmentedlist" text="%t"/>
      <l:template name="set" text="%t"/>
      <l:template name="setindex" text="%t"/>
      <l:template name="sidebar" text="%t"/>
      <l:template name="table" text="Tabel %n. %t"/>
      <l:template name="tip" text="%t"/>
      <l:template name="toc" text="%t"/>
      <l:template name="variablelist" text="%t"/>
      <l:template name="varlistentry" text="%n"/>
      <l:template name="warning" text="%t"/>
   </l:context>

   <l:context name="section-xref">
      <l:template name="bridgehead" text="&#8220;%t&#8221;"/>
      <l:template name="refsection" text="&#8220;%t&#8221;"/>
      <l:template name="refsect1" text="&#8220;%t&#8221;"/>
      <l:template name="refsect2" text="&#8220;%t&#8221;"/>
      <l:template name="refsect3" text="&#8220;%t&#8221;"/>
      <l:template name="sect1" text="&#8220;%t&#8221;"/>
      <l:template name="sect2" text="&#8220;%t&#8221;"/>
      <l:template name="sect3" text="&#8220;%t&#8221;"/>
      <l:template name="sect4" text="&#8220;%t&#8221;"/>
      <l:template name="sect5" text="&#8220;%t&#8221;"/>
      <l:template name="section" text="&#8220;%t&#8221;"/>
      <l:template name="simplesect" text="&#8220;%t&#8221;"/>
   </l:context>

   <l:context name="section-xref-numbered">
      <l:template name="bridgehead" text="&#8220;%t&#8221;"/>
      <l:template name="refsection" text="&#8220;%t&#8221;"/>
      <l:template name="refsect1" text="&#8220;%t&#8221;"/>
      <l:template name="refsect2" text="&#8220;%t&#8221;"/>
      <l:template name="refsect3" text="&#8220;%t&#8221;"/>
      <l:template name="sect1" text="Sektsioon %n"/>
      <l:template name="sect2" text="Sektsioon %n"/>
      <l:template name="sect3" text="Sektsioon %n"/>
      <l:template name="sect4" text="Sektsioon %n"/>
      <l:template name="sect5" text="Sektsioon %n"/>
      <l:template name="section" text="Sektsioon %n"/>
      <l:template name="simplesect" text="&#8220;%t&#8221;"/>
   </l:context>

   <l:context name="authorgroup">
      <l:template name="sep" text=", "/>
      <l:template name="sep2" text=" ja "/>
      <l:template name="seplast" text=", ja "/>
   </l:context>

   <l:context name="glossary">
      <l:template name="see" text="Vt. "/>
      <l:template name="seealso" text="Vt. ka "/>
   </l:context>

   <l:context name="msgset">
      <l:template name="MsgAud" text="Auditoorium: "/>
      <l:template name="MsgLevel" text="Tase: "/>
      <l:template name="MsgOrig" text="Algallikas: "/>
   </l:context>
</l:l10n>
