<?xml version="1.0" encoding="US-ASCII"?>
<l:l10n xmlns:l="http://docbook.sourceforge.net/xmlns/l10n/1.0" language="nl" english-language-name="Dutch">

<!-- This file is generated automatically. -->
<!-- Do not edit this file by hand! -->
<!-- See http://docbook.sourceforge.net/ -->
<!-- To update this file: edit the corresponding document at -->
<!-- http://cvs.sourceforge.net/cgi-bin/viewcvs.cgi/docbook/gentext/locale/ -->

   <l:gentext key="Abstract" text="Samenvatting"/>
   <l:gentext key="abstract" text="Samenvatting"/>
   <l:gentext key="Answer" text="Antwoord:"/>
   <l:gentext key="answer" text="Antwoord:"/>
   <l:gentext key="Appendix" text="Aanhangsel"/>
   <l:gentext key="appendix" text="aanhangsel"/>
   <l:gentext key="Article" text="Artikel"/>
   <l:gentext key="article" text="Artikel"/>
   <l:gentext key="Bibliography" text="Literatuurlijst"/>
   <l:gentext key="bibliography" text="Literatuurlijst"/>
   <l:gentext key="Book" text="Boek"/>
   <l:gentext key="book" text="Boek"/>
   <l:gentext key="CAUTION" text="LET OP"/>
   <l:gentext key="Caution" text="Let op"/>
   <l:gentext key="caution" text="Let op"/>
   <l:gentext key="Chapter" text="Hoofdstuk"/>
   <l:gentext key="chapter" text="hoofdstuk"/>
   <l:gentext key="Colophon" text="Colofon"/>
   <l:gentext key="colophon" text="Colofon"/>
   <l:gentext key="Copyright" text="Copyright"/>
   <l:gentext key="copyright" text="Copyright"/>
   <l:gentext key="Dedication" text="Opdracht"/>
   <l:gentext key="dedication" text="Opdracht"/>
   <l:gentext key="Edition" text="Uitgave"/>
   <l:gentext key="edition" text="Uitgave"/>
   <l:gentext key="Equation" text="Vergelijking"/>
   <l:gentext key="equation" text="Vergelijking"/>
   <l:gentext key="Example" text="Voorbeeld"/>
   <l:gentext key="example" text="Voorbeeld"/>
   <l:gentext key="Figure" text="Figuur"/>
   <l:gentext key="figure" text="Figuur"/>
   <l:gentext key="Glossary" text="Woordenlijst"/>
   <l:gentext key="glossary" text="Woordenlijst"/>
   <l:gentext key="GlossSee" text="Zie"/>
   <l:gentext key="glosssee" text="Zie"/>
   <l:gentext key="GlossSeeAlso" text="Zie ook"/>
   <l:gentext key="glossseealso" text="Zie ook"/>
   <l:gentext key="IMPORTANT" text="BELANGRIJK"/>
   <l:gentext key="Important" text="Belangrijk"/>
   <l:gentext key="important" text="Belangrijk"/>
   <l:gentext key="Index" text="Register"/>
   <l:gentext key="index" text="Register"/>
   <l:gentext key="ISBN" text="ISBN"/>
   <l:gentext key="isbn" text="ISBN"/>
   <l:gentext key="LegalNotice" text="Bericht"/>
   <l:gentext key="legalnotice" text="Bericht"/>
   <l:gentext key="MsgAud" text="Doelgroep"/>
   <l:gentext key="msgaud" text="Doelgroep"/>
   <l:gentext key="MsgLevel" text="Niveau"/>
   <l:gentext key="msglevel" text="Niveau"/>
   <l:gentext key="MsgOrig" text="Herkomst"/>
   <l:gentext key="msgorig" text="Herkomst"/>
   <l:gentext key="NOTE" text="OPMERKING"/>
   <l:gentext key="Note" text="Opmerking"/>
   <l:gentext key="note" text="Opmerking"/>
   <l:gentext key="Part" text="Deel"/>
   <l:gentext key="part" text="Deel"/>
   <l:gentext key="Preface" text="Voorwoord"/>
   <l:gentext key="preface" text="Voorwoord"/>
   <l:gentext key="Procedure" text="Procedure"/>
   <l:gentext key="procedure" text="Procedure"/>
   <l:gentext key="ProductionSet" text="Production"/>
   <l:gentext key="Published" text="Uitgegeven"/>
   <l:gentext key="published" text="Uitgegeven"/>
   <l:gentext key="Question" text="Vraag:"/>
   <l:gentext key="question" text="Vraag:"/>
   <l:gentext key="RefEntry" text="Referentielemma"/>
   <l:gentext key="refentry" text="Referentielemma"/>
   <l:gentext key="Reference" text="Referentie"/>
   <l:gentext key="reference" text="Referentie"/>
   <l:gentext key="RefName" text="Referentienaam"/>
   <l:gentext key="refname" text="Referentienaam"/>
   <l:gentext key="RefSection" text="Referentieparagraaf"/>
   <l:gentext key="refsection" text="Referentieparagraaf"/>
   <l:gentext key="RefSynopsisDiv" text="Referentiesamenvatting"/>
   <l:gentext key="refsynopsisdiv" text="Referentiesamenvatting"/>
   <l:gentext key="RevHistory" text="Wijzigingen"/>
   <l:gentext key="revhistory" text="Wijzigingen"/>
   <l:gentext key="Revision" text="Herziening"/>
   <l:gentext key="revision" text="Herziening"/>
   <l:gentext key="sect1" text="Paragraaf"/>
   <l:gentext key="sect2" text="Paragraaf"/>
   <l:gentext key="sect3" text="Paragraaf"/>
   <l:gentext key="sect4" text="Paragraaf"/>
   <l:gentext key="sect5" text="Paragraaf"/>
   <l:gentext key="Section" text="Paragraaf"/>
   <l:gentext key="section" text="paragraaf"/>
   <l:gentext key="See" text="Zie"/>
   <l:gentext key="see" text="Zie"/>
   <l:gentext key="SeeAlso" text="Zie ook"/>
   <l:gentext key="Seealso" text="Zie ook"/>
   <l:gentext key="seealso" text="Zie ook"/>
   <l:gentext key="Set" text="Verzameling"/>
   <l:gentext key="set" text="Verzameling"/>
   <l:gentext key="SetIndex" text="Hoofdregister"/>
   <l:gentext key="setindex" text="Hoofdregister"/>
   <l:gentext key="Sidebar" text="Excursie"/>
   <l:gentext key="sidebar" text="excursie"/>
   <l:gentext key="Step" text="Stap"/>
   <l:gentext key="step" text="stap"/>
   <l:gentext key="Table" text="Tabel"/>
   <l:gentext key="table" text="Tabel"/>
   <l:gentext key="TIP" text="TIP"/>
   <l:gentext key="Tip" text="Tip"/>
   <l:gentext key="tip" text="Tip"/>
   <l:gentext key="WARNING" text="WAARSCHUWING"/>
   <l:gentext key="Warning" text="Waarschuwing"/>
   <l:gentext key="warning" text="Waarschuwing"/>
   <l:gentext key="and" text="en"/>
   <l:gentext key="by" text="door"/>
   <l:gentext key="Edited" text="Redactie"/>
   <l:gentext key="edited" text="Redactie"/>
   <l:gentext key="Editedby" text="Redactie door"/>
   <l:gentext key="editedby" text="Redactie door"/>
   <l:gentext key="in" text="in"/>
   <l:gentext key="lastlistcomma" text=","/>
   <l:gentext key="listcomma" text=","/>
   <l:gentext key="nonexistantelement" text="niet bestaand element"/>
   <l:gentext key="notes" text="Noten"/>
   <l:gentext key="Notes" text="Noten"/>
   <l:gentext key="Pgs" text="blz."/>
   <l:gentext key="pgs" text="blz."/>
   <l:gentext key="Revisedby" text="Herzien door: "/>
   <l:gentext key="revisedby" text="Herzien door: "/>
   <l:gentext key="TableNotes" text="Opmerkingen"/>
   <l:gentext key="tablenotes" text="Opmerkingen"/>
   <l:gentext key="TableofContents" text="Inhoudsopgave"/>
   <l:gentext key="tableofcontents" text="Inhoudsopgave"/>
   <l:gentext key="unexpectedelementname" text="ONVERWACHT-ELEMENT"/>
   <l:gentext key="unsupported" text="niet ondersteund"/>
   <l:gentext key="xrefto" text="verwijzing naar"/>
   <l:gentext key="listofequations" text="Lijst van vergelijkingen"/>
   <l:gentext key="ListofEquations" text="Lijst van vergelijkingen"/>
   <l:gentext key="ListofExamples" text="Lijst van voorbeelden"/>
   <l:gentext key="listofexamples" text="Lijst van voorbeelden"/>
   <l:gentext key="ListofFigures" text="Lijst van figuren"/>
   <l:gentext key="listoffigures" text="Lijst van figuren"/>
   <l:gentext key="listoftables" text="Lijst van tabellen"/>
   <l:gentext key="ListofTables" text="Lijst van tabellen"/>
   <l:gentext key="ListofUnknown" text="Lijst van ???"/>
   <l:gentext key="listofunknown" text="Lijst van ???"/>
   <l:gentext key="nav-home" text="Begin"/>
   <l:gentext key="nav-next" text="Volgende"/>
   <l:gentext key="nav-next-sibling" text="Verder vooruit"/>
   <l:gentext key="nav-prev" text="Terug"/>
   <l:gentext key="nav-prev-sibling" text="Verder terug"/>
   <l:gentext key="nav-up" text="Omhoog"/>
   <l:gentext key="Draft" text="Ontwerp"/>
   <l:gentext key="above" text="boven"/>
   <l:gentext key="below" text="onder"/>
   <l:gentext key="index symbols" text="Symbolen"/>
   <l:gentext key="sectioncalled" text="de paragraaf"/>
   <l:gentext key="lowercase.alpha" text="abcdefghijklmnopqrstuvwxyz&#235;&#239;&#233;"/>
   <l:gentext key="uppercase.alpha" text="ABCDEFGHIJKLMNOPQRSTUVWXYZ&#203;&#207;&#201;"/>
   <l:dingbat key="startquote" text="&#8220;"/>
   <l:dingbat key="endquote" text="&#8221;"/>
   <l:dingbat key="nestedstartquote" text="&#8216;"/>
   <l:dingbat key="nestedendquote" text="&#8217;"/>
   <l:dingbat key="bullet" text="&#8226;"/>

   <l:context name="styles">
      <l:template name="person-name" text="first-last"/>
   </l:context>

   <l:context name="title">
      <l:template name="abstract" text="%t"/>
      <l:template name="answer" text="%t"/>
      <l:template name="appendix" text="Aanhangsel %n. %t"/>
      <l:template name="article" text="%t"/>
      <l:template name="authorblurb" text="%t"/>
      <l:template name="bibliodiv" text="%t"/>
      <l:template name="biblioentry" text="%t"/>
      <l:template name="bibliography" text="%t"/>
      <l:template name="bibliomixed" text="%t"/>
      <l:template name="bibliomset" text="%t"/>
      <l:template name="biblioset" text="%t"/>
      <l:template name="blockquote" text="%t"/>
      <l:template name="book" text="%t"/>
      <l:template name="calloutlist" text="%t"/>
      <l:template name="caution" text="%t"/>
      <l:template name="chapter" text="Hoofdstuk %n. %t"/>
      <l:template name="colophon" text="%t"/>
      <l:template name="dedication" text="%t"/>
      <l:template name="equation" text="Vergelijking %n. %t"/>
      <l:template name="example" text="Voorbeeld %n. %t"/>
      <l:template name="figure" text="Figuur %n. %t"/>
      <l:template name="formalpara" text="%t"/>
      <l:template name="glossary" text="%t"/>
      <l:template name="glossdiv" text="%t"/>
      <l:template name="important" text="%t"/>
      <l:template name="index" text="%t"/>
      <l:template name="indexdiv" text="%t"/>
      <l:template name="itemizedlist" text="%t"/>
      <l:template name="legalnotice" text="%t"/>
      <l:template name="listitem" text=""/>
      <l:template name="lot" text="%t"/>
      <l:template name="msg" text="%t"/>
      <l:template name="msgexplan" text="%t"/>
      <l:template name="msgmain" text="%t"/>
      <l:template name="msgrel" text="%t"/>
      <l:template name="msgset" text="%t"/>
      <l:template name="msgsub" text="%t"/>
      <l:template name="note" text="%t"/>
      <l:template name="orderedlist" text="%t"/>
      <l:template name="part" text="Deel %n. %t"/>
      <l:template name="partintro" text="%t"/>
      <l:template name="preface" text="%t"/>
      <l:template name="procedure" text="%t"/>
      <l:template name="procedure.formal" text="Procedure&#160;%n.&#160;%t"/>
      <l:template name="productionset" text="%t"/>
      <l:template name="productionset.formal" text="Production&#160;%n"/>
      <l:template name="qandadiv" text="%t"/>
      <l:template name="qandaentry" text="%t"/>
      <l:template name="qandaset" text="%t"/>
      <l:template name="question" text="%t"/>
      <l:template name="refentry" text="%t"/>
      <l:template name="reference" text="%t"/>
      <l:template name="refsection" text="%t"/>
      <l:template name="refsect1" text="%t"/>
      <l:template name="refsect2" text="%t"/>
      <l:template name="refsect3" text="%t"/>
      <l:template name="refsynopsisdiv" text="%t"/>
      <l:template name="refsynopsisdivinfo" text="%t"/>
      <l:template name="segmentedlist" text="%t"/>
      <l:template name="set" text="%t"/>
      <l:template name="setindex" text="%t"/>
      <l:template name="sidebar" text="%t"/>
      <l:template name="step" text="%t"/>
      <l:template name="table" text="Tabel %n. %t"/>
      <l:template name="tip" text="%t"/>
      <l:template name="toc" text="%t"/>
      <l:template name="variablelist" text="%t"/>
      <l:template name="warning" text="%t"/>
   </l:context>

   <l:context name="title-unnumbered">
      <l:template name="appendix" text="%t"/>
      <l:template name="bridgehead" text="%t"/>
      <l:template name="chapter" text="%t"/>
      <l:template name="sect1" text="%t"/>
      <l:template name="sect2" text="%t"/>
      <l:template name="sect3" text="%t"/>
      <l:template name="sect4" text="%t"/>
      <l:template name="sect5" text="%t"/>
      <l:template name="section" text="%t"/>
      <l:template name="simplesect" text="%t"/>
   </l:context>

   <l:context name="title-numbered">
      <l:template name="appendix" text="Aanhangsel %n. %t"/>
      <l:template name="bridgehead" text="%n. %t"/>
      <l:template name="chapter" text="Hoofdstuk %n. %t"/>
      <l:template name="sect1" text="%n. %t"/>
      <l:template name="sect2" text="%n. %t"/>
      <l:template name="sect3" text="%n. %t"/>
      <l:template name="sect4" text="%n. %t"/>
      <l:template name="sect5" text="%n. %t"/>
      <l:template name="section" text="%n. %t"/>
      <l:template name="simplesect" text="%n. %t"/>
   </l:context>

   <l:context name="subtitle">
      <l:template name="appendix" text="%s"/>
      <l:template name="article" text="%s"/>
      <l:template name="bibliodiv" text="%s"/>
      <l:template name="biblioentry" text="%s"/>
      <l:template name="bibliography" text="%s"/>
      <l:template name="bibliomixed" text="%s"/>
      <l:template name="bibliomset" text="%s"/>
      <l:template name="biblioset" text="%s"/>
      <l:template name="book" text="%s"/>
      <l:template name="chapter" text="%s"/>
      <l:template name="colophon" text="%s"/>
      <l:template name="dedication" text="%s"/>
      <l:template name="glossary" text="%s"/>
      <l:template name="glossdiv" text="%s"/>
      <l:template name="index" text="%s"/>
      <l:template name="indexdiv" text="%s"/>
      <l:template name="lot" text="%s"/>
      <l:template name="part" text="%s"/>
      <l:template name="partintro" text="%s"/>
      <l:template name="preface" text="%s"/>
      <l:template name="refentry" text="%s"/>
      <l:template name="reference" text="%s"/>
      <l:template name="refsection" text="%s"/>
      <l:template name="refsect1" text="%s"/>
      <l:template name="refsect2" text="%s"/>
      <l:template name="refsect3" text="%s"/>
      <l:template name="refsynopsisdiv" text="%s"/>
      <l:template name="sect1" text="%s"/>
      <l:template name="sect2" text="%s"/>
      <l:template name="sect3" text="%s"/>
      <l:template name="sect4" text="%s"/>
      <l:template name="sect5" text="%s"/>
      <l:template name="section" text="%s"/>
      <l:template name="set" text="%s"/>
      <l:template name="setindex" text="%s"/>
      <l:template name="sidebar" text="%s"/>
      <l:template name="simplesect" text="%s"/>
      <l:template name="toc" text="%s"/>
   </l:context>

   <l:context name="xref">
      <l:template name="abstract" text="%t"/>
      <l:template name="answer" text="Antwoord:&#160;%n"/>
      <l:template name="appendix" text="Aanhangsel %n. %t"/>
      <l:template name="article" text="%t"/>
      <l:template name="authorblurb" text="%t"/>
      <l:template name="bibliodiv" text="%t"/>
      <l:template name="bibliography" text="%t"/>
      <l:template name="bibliomset" text="%t"/>
      <l:template name="biblioset" text="%t"/>
      <l:template name="blockquote" text="%t"/>
      <l:template name="book" text="%t"/>
      <l:template name="calloutlist" text="%t"/>
      <l:template name="caution" text="%t"/>
      <l:template name="chapter" text="Hoofdstuk %n. %t"/>
      <l:template name="colophon" text="%t"/>
      <l:template name="constraintdef" text="%t"/>
      <l:template name="dedication" text="%t"/>
      <l:template name="equation" text="Vergelijking&#160;%n"/>
      <l:template name="example" text="Voorbeeld %n. %t"/>
      <l:template name="figure" text="Figuur %n. %t"/>
      <l:template name="formalpara" text="%t"/>
      <l:template name="glossary" text="%t"/>
      <l:template name="glossdiv" text="%t"/>
      <l:template name="important" text="%t"/>
      <l:template name="index" text="%t"/>
      <l:template name="indexdiv" text="%t"/>
      <l:template name="itemizedlist" text="%t"/>
      <l:template name="legalnotice" text="%t"/>
      <l:template name="listitem" text="%n"/>
      <l:template name="lot" text="%t"/>
      <l:template name="msg" text="%t"/>
      <l:template name="msgexplan" text="%t"/>
      <l:template name="msgmain" text="%t"/>
      <l:template name="msgrel" text="%t"/>
      <l:template name="msgset" text="%t"/>
      <l:template name="msgsub" text="%t"/>
      <l:template name="note" text="%t"/>
      <l:template name="orderedlist" text="%t"/>
      <l:template name="part" text="Deel %n. %t"/>
      <l:template name="partintro" text="%t"/>
      <l:template name="preface" text="%t"/>
      <l:template name="procedure" text="Procedure&#160;%n"/>
      <l:template name="productionset" text="%t"/>
      <l:template name="qandadiv" text="%t"/>
      <l:template name="qandaentry" text="Vraag:&#160;%n"/>
      <l:template name="qandaset" text="%t"/>
      <l:template name="question" text="Vraag:&#160;%n"/>
      <l:template name="reference" text="%t"/>
      <l:template name="refsection" text="%t"/>
      <l:template name="refsect1" text="%t"/>
      <l:template name="refsect2" text="%t"/>
      <l:template name="refsect3" text="%t"/>
      <l:template name="refsynopsisdiv" text="%t"/>
      <l:template name="segmentedlist" text="%t"/>
      <l:template name="set" text="%t"/>
      <l:template name="setindex" text="%t"/>
      <l:template name="sidebar" text="%t"/>
      <l:template name="table" text="Tabel %n. %t"/>
      <l:template name="tip" text="%t"/>
      <l:template name="toc" text="%t"/>
      <l:template name="variablelist" text="%t"/>
      <l:template name="varlistentry" text="%n"/>
      <l:template name="warning" text="%t"/>
      <l:template name="page.citation" text=" [%p]"/>
   </l:context>

   <l:context name="section-xref">
      <l:template name="bridgehead" text="de paragraaf &#8220;%t&#8221;"/>
      <l:template name="refsection" text="de paragraaf &#8220;%t&#8221;"/>
      <l:template name="refsect1" text="de paragraaf &#8220;%t&#8221;"/>
      <l:template name="refsect2" text="de paragraaf &#8220;%t&#8221;"/>
      <l:template name="refsect3" text="de paragraaf &#8220;%t&#8221;"/>
      <l:template name="sect1" text="de paragraaf &#8220;%t&#8221;"/>
      <l:template name="sect2" text="de paragraaf &#8220;%t&#8221;"/>
      <l:template name="sect3" text="de paragraaf &#8220;%t&#8221;"/>
      <l:template name="sect4" text="de paragraaf &#8220;%t&#8221;"/>
      <l:template name="sect5" text="de paragraaf &#8220;%t&#8221;"/>
      <l:template name="section" text="de paragraaf &#8220;%t&#8221;"/>
      <l:template name="simplesect" text="de paragraaf &#8220;%t&#8221;"/>
   </l:context>

   <l:context name="section-xref-numbered">
      <l:template name="bridgehead" text="de paragraaf &#8220;%t&#8221;"/>
      <l:template name="refsection" text="de paragraaf &#8220;%t&#8221;"/>
      <l:template name="refsect1" text="de paragraaf &#8220;%t&#8221;"/>
      <l:template name="refsect2" text="de paragraaf &#8220;%t&#8221;"/>
      <l:template name="refsect3" text="de paragraaf &#8220;%t&#8221;"/>
      <l:template name="sect1" text="Paragraaf %n"/>
      <l:template name="sect2" text="Paragraaf %n"/>
      <l:template name="sect3" text="Paragraaf %n"/>
      <l:template name="sect4" text="Paragraaf %n"/>
      <l:template name="sect5" text="Paragraaf %n"/>
      <l:template name="section" text="Paragraaf %n"/>
      <l:template name="simplesect" text="de paragraaf &#8220;%t&#8221;"/>
   </l:context>

   <l:context name="authorgroup">
      <l:template name="sep" text=", "/>
      <l:template name="sep2" text=" en "/>
      <l:template name="seplast" text=", en "/>
   </l:context>

   <l:context name="glossary">
      <l:template name="see" text="Zie "/>
      <l:template name="seealso" text="Zie ook "/>
   </l:context>

   <l:context name="msgset">
      <l:template name="MsgAud" text="Doelgroep: "/>
      <l:template name="MsgLevel" text="Niveau: "/>
      <l:template name="MsgOrig" text="Herkomst: "/>
   </l:context>
</l:l10n>
