<refentry id="sidebar.properties">
<refmeta>
<refentrytitle>sidebar.properties</refentrytitle>
<refmiscinfo role="type">attribute set</refmiscinfo>
</refmeta>
<refnamediv>
<refname>sidebar.properties</refname>
<refpurpose>Attribute set for sidebar properties</refpurpose>
</refnamediv>

<refsynopsisdiv>
<src:fragment id='sidebar.properties.frag'>
<xsl:attribute-set name="sidebar.properties"
                   use-attribute-sets="formal.object.properties">
  <xsl:attribute name="border-style">solid</xsl:attribute>
  <xsl:attribute name="border-width">1pt</xsl:attribute>
  <xsl:attribute name="border-color">black</xsl:attribute>
  <xsl:attribute name="background-color">#DDDDDD</xsl:attribute>
  <xsl:attribute name="padding-left">12pt</xsl:attribute>
  <xsl:attribute name="padding-right">12pt</xsl:attribute>
  <xsl:attribute name="padding-top">6pt</xsl:attribute>
  <xsl:attribute name="padding-bottom">6pt</xsl:attribute>
<!--
  <xsl:attribute name="margin-left">12pt</xsl:attribute>
  <xsl:attribute name="margin-right">12pt</xsl:attribute>
  <xsl:attribute name="margin-top">6pt</xsl:attribute>
  <xsl:attribute name="margin-bottom">6pt</xsl:attribute>
-->
</xsl:attribute-set>
</src:fragment>
</refsynopsisdiv>

<refsect1><title>Description</title>

<para>The styling for sidebars.</para>

</refsect1>
</refentry>
