<refentry id="suppress.navigation">
<refmeta>
<refentrytitle>suppress.header.navigation</refentrytitle>
<refmiscinfo role="type">boolean</refmiscinfo>
</refmeta>
<refnamediv>
<refname>suppress.header.navigation</refname>
<refpurpose>Disable header navigation</refpurpose>
</refnamediv>

<refsynopsisdiv>
<src:fragment id='suppress.header.navigation.frag'><xsl:param name="suppress.header.navigation">0</xsl:param></src:fragment>
</refsynopsisdiv>

<refsect1><title>Description</title>

<para>
If <literal>suppress.header.navigation</literal> is turned on, header
navigation will be suppressed.</para>

</refsect1>
</refentry>
