<?xml version="1.0" encoding="utf-8"?>
<!DOCTYPE autolayout
  PUBLIC "-//Norman Walsh//DTD Website Autolayout V2.4.1//EN" "http://docbook.sourceforge.net/release/website/2.4.1/schema/dtd/autolayout.dtd">
<autolayout>
<config param="text-prefix" value="txt"/><config param="homebanner-tabular" value="graphics/homebanner.png" altval="Home Banner"/><config param="banner-tabular" value="graphics/banner.png" altval="Banner"/><config param="homebanner" value="graphics/homebanner.png" altval="Home Banner"/><config param="banner" value="graphics/icons/iconhome.gif" altval="Banner"/><copyright><year>1999</year><year>2000</year><year>2001</year><holder role="http://nwalsh.com/~ndw/">Norman Walsh</holder></copyright><headlink rel="icon" href="http://nwalsh.com/images/nwalsh-icon16.png" type="image/png"/><style src="example.css" type="text/css"/><toc page="website.xml" id="home" filename="index.html">
<title>Welcome to Website</title>
<summary>Introduction</summary>
<tocentry page="wslayout.xml" id="layout" filename="layout.html">
<title>Site Layout</title>
<summary>Site Navigation Layout Setup</summary>
</tocentry>
<tocentry page="olink.xml" id="olink" filename="linking.html">
<title>Linking Pages</title>
<titleabbrev>Linking</titleabbrev>
<summary>Linking across Pages</summary>
</tocentry>
<tocentry page="custom.xml" id="customize" filename="custom.html">
<title>Customizing the Stylesheets</title>
<titleabbrev>Customization</titleabbrev>
<summary>Stylesheet customization instructions</summary>
</tocentry>
<tocentry page="building.xml" id="building" filename="building.html" tocskip="1">
<title>Building the HTML Pages</title>
<titleabbrev>Building</titleabbrev>
<summary>Building strategies</summary>
<tocentry revisionflag="changed" page="build-make.xml" id="buildmake" filename="buildmake.html">
<title>Building with Make</title>
<titleabbrev>Using Make</titleabbrev>
<summary>Building with Make</summary>
</tocentry>
<tocentry page="build-ext.xml" id="buildext" filename="buildext.html">
<title>Building with XSLT</title>
<titleabbrev>Using XSLT</titleabbrev>
<summary>Building with XSLT Extensions</summary>
</tocentry>
<tocentry page="build-textonly.xml" id="textonly" filename="textonly.html">
<title>Building Text-only Websites</title>
<titleabbrev>Text-only</titleabbrev>
<summary>Building Text-onlyt Websites</summary>
</tocentry>
</tocentry>
<tocentry page="test2.xml" id="test2" filename="formtest.html">
<title>Form Test</title>
<summary>Form Test Page</summary>
</tocentry>
<tocentry page="test3.xml" id="test3" filename="test3.html">
<title>XBEL Bookmarks</title>
<summary>XBEL Bookmark test</summary>
</tocentry>
<tocentry page="rddl.xml" id="rddl" filename="rddl.html">
<title>RDDL</title>
<summary>RDDL</summary>
</tocentry>
<tocentry page="php.xml" id="php" filename="php.html">
<title>PHP</title>
<summary>PHP</summary>
</tocentry>
<tocentry revisionflag="added" page="rss.xml" id="rss" filename="rss.html">
<title>RSS</title>
</tocentry>
<tocentry revisionflag="added" page="full.xml" id="test" filename="full.html">
<title>Website-Full</title>
<summary>Full Website</summary>
</tocentry>
<tocentry page="revflag.xml" id="revflag" filename="revflag.html">
<title>Revision Flags</title>
<summary>Revision Flags</summary>
</tocentry>
<tocentry id="nwalsh.com" href="http://nwalsh.com/">
<title>nwalsh.com</title>
</tocentry>
</toc>
<toc page="test1.xml" id="test1" filename="test1.html">
<title>Test 1</title>
<summary>Test 1 Page</summary>
<tocentry page="test1a.xml" id="test1a" dir="subdir/" filename="test1a.html">
<title>Test 1a</title>
<summary>Test 1a Page</summary>
</tocentry>
<tocentry page="test1b.xml" id="test1b" dir="subdir/" filename="test1b.html">
<title>Test 1b</title>
<summary>Test 1b Page</summary>
</tocentry>
</toc>
<notoc page="about.xml" id="about" filename="about.html">
<title>About the Test Home Page</title>
<summary>About the Test Home Page</summary>
</notoc>
</autolayout>
