<!DOCTYPE webpage SYSTEM "../schema/dtd/website.dtd">
<webpage id="textonly">
<config param="desc" value="Building Text-only Websites"/>
<config param="rcsdate" value="$Date: 2003/01/16 15:05:46 $"/>
<head>
<title>Building Text-only Websites</title>
<titleabbrev>Text-only</titleabbrev>
<summary>Building Text-onlyt Websites</summary>
</head>

<para>The <filename>tabular.xsl</filename> and
<filename>chunk-tabular.xsl</filename> stylesheets produce a two-column
tabular website. If you wish to produce a purely text-only presentation
more suitable for text-only or audio browsing, use the
<filename>website.xsl</filename> or
<filename>chunk-website.xsl</filename> stylesheets.</para>

<para>It's possible to generate both tabular and text-only presentations
in the same directory(ies). Use the <literal>filename-prefix</literal>
parameter to put a prefix (such as <quote><literal>txt</literal></quote>)
on the text-only versions (or put a prefix on the tabular versions,
if you prefer).</para>

</webpage>
